{
  "venue": "clrty-l1-sim",
  "bid": 1.145,
  "ask": 1.1549999999999998,
  "mid": 1.15,
  "bid_depth_usdc": 3814435.3568898556,
  "ask_depth_usdc": 3340409.971428624
}